state_id,age_range_id,gender_id,Population,Deaths,Probability
1,1,2,499797,4033,0.008069276
1,1,1,518618,5264,0.010150053
1,4,2,2659641,509,0.000191379
1,4,1,2786415,736,0.000264139
1,2,2,1990006,663,0.000333165
1,2,1,2069483,926,0.000447455
1,3,2,2543616,429,0.000168658
1,3,1,2657525,567,0.000213356
1,5,2,2747236,1347,0.000490311
1,5,1,2855020,3185,0.001115579
1,6,1,2813514,5388,0.001915043
1,6,2,2823852,1911,0.000676735
1,7,1,2541317,5226,0.002056414
1,7,2,2608206,2287,0.000876848
1,8,1,2507995,5713,0.002277915
1,8,2,2589463,3114,0.001202566
1,9,1,2584174,7309,0.00282837
1,9,2,2699155,4620,0.001711647
1,10,1,2721401,10848,0.003986182
1,10,2,2848361,7146,0.002508811
1,11,1,2747832,16406,0.005970525
1,11,2,2896328,10535,0.003637364
1,12,1,2667291,23407,0.00877557
1,12,2,2831252,14581,0.005150018
1,13,1,2357532,30050,0.012746381
1,13,2,2551963,18793,0.007364135
1,14,1,1961058,35177,0.017937766
1,14,2,2183139,23291,0.010668583
1,15,1,1572755,40421,0.025700761
1,15,2,1820376,28994,0.015927479
1,16,1,1200588,46142,0.038432835
1,16,2,1504688,36927,0.0245413
1,17,1,867511,51225,0.059048243
1,17,2,1229661,48758,0.039651579
1,18,1,543194,50713,0.093360751
1,18,2,916867,61409,0.066976999
2,1,2,86284,496,0.005748459
2,1,1,92011,620,0.006738325
2,4,2,440401,92,0.000208901
2,4,1,462658,170,0.000367442
2,2,2,333427,122,0.000365897
2,2,1,355994,158,0.000443828
2,3,2,416948,50,0.000119919
2,3,1,441836,99,0.000224065
2,5,2,420206,243,0.000578288
2,5,1,466602,558,0.00119588
2,6,2,399124,269,0.000673976
2,6,1,493684,905,0.001833156
2,7,2,404583,319,0.000788466
2,7,1,448811,828,0.001844875
2,8,2,390207,375,0.000961028
2,8,1,421957,802,0.001900668
2,9,2,395552,577,0.001458721
2,9,1,421671,985,0.002335944
2,10,2,423108,819,0.001935676
2,10,1,446618,1303,0.002917482
2,11,2,438068,1195,0.002727887
2,11,1,472189,1939,0.004106407
2,12,2,412471,1505,0.003648741
2,12,1,457019,2593,0.005673725
2,13,2,336786,1729,0.005133824
2,13,1,379371,3088,0.008139789
2,14,2,238956,1825,0.007637389
2,14,1,269390,3159,0.011726493
2,15,2,157068,1979,0.012599638
2,15,1,172639,3110,0.018014469
2,16,1,108259,3296,0.030445506
2,16,2,108403,2261,0.020857356
2,17,1,68329,3278,0.047973774
2,17,2,77007,2744,0.035633124
2,18,1,38944,3072,0.078882498
2,18,2,51856,3018,0.05819963
3,1,2,726728,4291,0.005904548
3,1,1,757081,5406,0.007140583
3,4,2,3561202,542,0.000152196
3,4,1,3718219,801,0.000215426
3,2,2,2875131,913,0.000317551
3,2,1,2996441,1165,0.000388795
3,3,2,3524811,457,0.000129652
3,3,1,3685493,594,0.000161172
3,5,2,3486046,1355,0.000388693
3,5,1,3733040,3549,0.0009507
3,6,2,3503299,1762,0.000502955
3,6,1,3801015,5921,0.001557742
3,7,2,3465287,2029,0.000585521
3,7,1,3708735,5868,0.001582211
3,8,2,3352804,2732,0.00081484
3,8,1,3542009,6174,0.001743079
3,9,2,3377748,3898,0.001154023
3,9,1,3484364,7587,0.002177442
3,10,2,3430172,5862,0.001708952
3,10,1,3474051,10677,0.003073357
3,11,1,3317040,15144,0.004565516
3,11,2,3363147,8611,0.0025604
3,12,1,3109723,20320,0.006534344
3,12,2,3272553,12053,0.003683057
3,13,1,2753575,25391,0.009221103
3,13,2,3005369,15759,0.005243616
3,14,1,2399072,30811,0.012842883
3,14,2,2669946,20433,0.007652964
3,15,1,2069133,36784,0.017777494
3,15,2,2294045,25578,0.011149738
3,16,1,1676571,43920,0.026196326
3,16,2,1870448,33310,0.017808568
3,17,1,1270863,52085,0.040983961
3,17,2,1479815,44003,0.029735474
3,18,1,828547,56474,0.068160285
3,18,2,1086873,56237,0.051742016
4,1,2,315783,2235,0.007077645
4,1,1,332023,2931,0.008827702
4,4,2,1624320,301,0.000185308
4,4,1,1704202,474,0.000278136
4,2,2,1264066,462,0.000365487
4,2,1,1322268,625,0.000472673
4,3,2,1589736,269,0.00016921
4,3,1,1663783,369,0.000221784
4,5,2,1641457,798,0.000486153
4,5,1,1732510,1936,0.001117454
4,6,2,1663285,1063,0.000639097
4,6,1,1701966,3056,0.001795571
4,7,2,1579609,1285,0.000813492
4,7,1,1591293,3062,0.001924221
4,8,2,1533365,1728,0.001126933
4,8,1,1542385,3371,0.002185576
4,9,1,1567475,4196,0.002676917
4,9,2,1581994,2488,0.001572699
4,10,1,1621148,6141,0.003788056
4,10,2,1646745,3937,0.002390777
4,11,1,1623015,9246,0.005696805
4,11,2,1670547,5856,0.003505439
4,12,1,1577087,13208,0.008374934
4,12,2,1640349,8371,0.005103182
4,13,1,1414922,17287,0.012217635
4,13,2,1507797,10839,0.007188633
4,14,1,1210387,20960,0.017316776
4,14,2,1321694,13669,0.010342031
4,15,1,999726,24507,0.024513717
4,15,2,1123427,17344,0.015438475
4,16,1,776949,28218,0.036318986
4,16,2,923810,21718,0.023509163
4,17,1,572265,31596,0.055212183
4,17,2,754461,28574,0.037873396
4,18,1,367858,32563,0.08852057
4,18,2,576417,36414,0.063173015
5,1,2,4235004,20022,0.004727741
5,1,1,4429798,24896,0.005620121
5,4,2,21865390,2601,0.000118955
5,4,1,22912364,3748,0.00016358
5,2,2,16745662,3594,0.000214623
5,2,1,17519941,4629,0.000264213
5,3,2,21080746,2228,0.000105689
5,3,1,22056060,2746,0.000124501
5,5,2,21790595,5725,0.000262728
5,5,1,23292967,16367,0.000702658
5,6,2,21870585,7781,0.000355775
5,6,1,23776812,26726,0.001124036
5,7,2,22183566,9033,0.000407193
5,7,1,23500038,25189,0.001071871
5,8,2,22085342,11874,0.000537642
5,8,1,23001628,27437,0.001192829
5,9,2,22352546,18333,0.000820175
5,9,1,22849298,35493,0.001553352
5,10,2,22608467,30011,0.001327423
5,10,1,22823864,52525,0.002301319
5,11,1,21775651,78604,0.00360972
5,11,2,21917138,46702,0.002130844
5,12,1,19906273,107967,0.005423768
5,12,2,20483952,66438,0.003243417
5,13,1,16623439,133483,0.008029807
5,13,2,17574627,84061,0.004783089
5,14,1,12955280,151811,0.011718079
5,14,2,14136858,102582,0.007256351
5,15,1,9822228,167410,0.017043994
5,15,2,11175312,125154,0.01119915
5,16,1,7475010,198580,0.026565851
5,16,2,9041272,163095,0.018038944
5,17,1,5776353,245761,0.042546049
5,17,2,7591107,227161,0.029924621
5,18,1,4032159,281706,0.069864804
5,18,2,5916891,304061,0.051388643
6,1,2,546444,2883,0.005275929
6,1,1,575829,3748,0.006508877
6,4,2,2736308,378,0.000138142
6,4,1,2870510,592,0.000206235
6,2,2,2175235,519,0.000238595
6,2,1,2286061,674,0.00029483
6,3,2,2720504,316,0.000116155
6,3,1,2849280,361,0.000126699
6,5,2,2711375,999,0.000368448
6,5,1,2928100,2255,0.000770124
6,6,2,2792414,1326,0.000474858
6,6,1,3074207,3768,0.001225682
6,7,2,2904017,1530,0.000526856
6,7,1,3145310,3893,0.001237716
6,8,2,2915668,1973,0.000676689
6,8,1,3131158,4170,0.001331776
6,9,2,2928674,2744,0.000936943
6,9,1,3083058,5273,0.001710315
6,10,2,3041614,4369,0.001436408
6,10,1,3113286,7606,0.002443078
6,11,2,3036501,6468,0.002130083
6,11,1,3041856,10840,0.003563614
6,12,1,2876334,14527,0.005050526
6,12,2,2903006,9026,0.003109191
6,13,1,2429112,17698,0.00728579
6,13,2,2486282,11125,0.004474553
6,14,1,1879521,20257,0.010777746
6,14,2,1961734,13572,0.006918369
6,15,1,1373886,21943,0.015971485
6,15,2,1482106,16200,0.010930392
6,16,1,983724,25485,0.025906657
6,16,2,1131479,20852,0.018428977
6,17,1,709540,31003,0.043694506
6,17,2,907668,28580,0.031487284
6,18,1,471972,34672,0.073461985
6,18,2,698700,38171,0.054631458
7,1,2,329746,1737,0.005267691
7,1,1,346372,2165,0.006250505
7,4,2,2010712,183,9.10125E-05
7,4,1,2107798,277,0.000131417
7,2,2,1386386,217,0.000156522
7,2,1,1450169,289,0.000199287
7,3,2,1881277,177,9.4085E-05
7,3,1,1969210,210,0.000106642
7,5,2,2016961,433,0.000214679
7,5,1,2129336,1191,0.000559329
7,6,2,1777733,712,0.00040051
7,6,1,1883244,2216,0.001176693
7,7,2,1737606,799,0.000459828
7,7,1,1759409,2198,0.001249283
7,8,1,1861566,2299,0.001234982
7,8,2,1912766,1073,0.000560968
7,9,1,2043668,3349,0.00163872
7,9,2,2135623,1839,0.000861107
7,10,1,2259490,5089,0.002252278
7,10,2,2363767,3071,0.001299197
7,11,1,2295338,7872,0.00342956
7,11,2,2404162,4726,0.001965758
7,12,1,2163098,10731,0.00496094
7,12,2,2278608,6620,0.002905283
7,13,1,1856097,13509,0.007278176
7,13,2,1977518,8575,0.004336244
7,14,1,1448482,15649,0.010803724
7,14,2,1585206,10913,0.006884279
7,15,1,1099131,17995,0.016372025
7,15,2,1257671,13721,0.010909848
7,16,1,846470,22939,0.027099602
7,16,2,1047166,18858,0.018008606
7,17,1,674644,29698,0.044020254
7,17,2,930165,28091,0.030200018
7,18,1,498678,36385,0.072962914
7,18,2,796635,41027,0.051500373
8,1,2,91933,716,0.007788281
8,1,1,95507,879,0.009203514
8,4,2,475782,69,0.000145024
8,4,1,497002,79,0.000158953
8,2,2,363520,101,0.000277839
8,2,1,377799,101,0.000267338
8,3,2,458078,47,0.000102603
8,3,1,476787,75,0.000157303
8,5,2,510012,165,0.000323522
8,5,1,519795,418,0.000804163
8,6,2,506207,235,0.000464237
8,6,1,508836,682,0.001340314
8,7,1,475883,781,0.00164116
8,7,2,484243,298,0.000615394
8,8,1,462091,775,0.001677159
8,8,2,476556,400,0.000839356
8,9,1,486199,1078,0.002217199
8,9,2,505359,624,0.001234766
8,10,1,513010,1651,0.003218261
8,10,2,541942,1065,0.001965155
8,11,1,516430,2444,0.00473249
8,11,2,549608,1520,0.002765607
8,12,1,488719,3327,0.006807593
8,12,2,529232,2238,0.004228769
8,13,1,430082,4047,0.009409833
8,13,2,478381,2733,0.00571302
8,14,1,366637,4877,0.013301985
8,14,2,414894,3420,0.008243069
8,15,1,305684,5915,0.019350048
8,15,2,348492,4341,0.012456527
8,16,1,237942,6982,0.029343285
8,16,2,280327,5637,0.020108659
8,17,1,174119,8382,0.048139491
8,17,2,223849,7619,0.034036337
8,18,1,113148,8790,0.077685863
8,18,2,166599,9775,0.058673822
51,1,2,64710,662,0.010230258
51,1,1,66905,827,0.01236081
51,4,2,241415,39,0.000161548
51,4,1,243842,69,0.00028297
51,2,2,224790,78,0.000346991
51,2,1,232723,91,0.000391023
51,3,2,248452,44,0.000177097
51,3,1,251357,61,0.000242683
51,5,1,311126,512,0.001645636
51,5,2,343757,97,0.000282176
51,6,1,435416,859,0.001972826
51,6,2,519258,203,0.000390942
51,7,1,494956,814,0.001644591
51,7,2,572736,306,0.000534278
51,8,1,458619,852,0.001857751
51,8,2,485137,429,0.000884286
51,9,2,382658,632,0.001651605
51,9,1,387645,1173,0.003025964
51,10,2,339889,1092,0.003212814
51,10,1,344384,1626,0.004721474
51,11,1,322914,2410,0.007463287
51,11,2,331915,1562,0.004706024
51,12,1,303018,3363,0.011098351
51,12,2,328402,2155,0.006562079
51,13,1,260947,3838,0.014707968
51,13,2,301045,2499,0.008301085
51,14,1,209202,3952,0.018890833
51,14,2,252691,2648,0.010479202
51,15,1,156031,3920,0.025123213
51,15,2,194692,3020,0.01551168
51,16,1,115718,4262,0.036830917
51,16,2,157667,3591,0.02277585
51,17,1,86425,4726,0.054683251
51,17,2,134944,4661,0.034540254
51,18,1,59725,4587,0.076802009
51,18,2,109074,5755,0.052762345
9,1,2,1752916,11254,0.006420159
9,1,1,1830359,14135,0.007722529
9,4,2,9334286,1276,0.0001367
9,4,1,9779185,1910,0.000195313
9,2,2,6941476,2042,0.000294174
9,2,1,7258554,2887,0.000397738
9,3,2,8804980,1061,0.0001205
9,3,1,9214024,1412,0.000153245
9,5,2,9489965,3409,0.000359222
9,5,1,10087475,8467,0.000839358
9,6,2,9675005,5212,0.000538708
9,6,1,10116912,15355,0.001517756
9,7,2,9456272,6392,0.000675953
9,7,1,9702859,15366,0.001583657
9,8,2,9587288,8340,0.000869902
9,8,1,9633378,16707,0.001734283
9,9,1,10192364,21933,0.002151905
9,9,2,10272449,12758,0.001241963
9,10,1,10823117,33163,0.00306409
9,10,2,10990767,20249,0.001842365
9,11,1,10753977,50630,0.004708026
9,11,2,11115334,30548,0.002748275
9,12,1,10113878,71196,0.007039436
9,12,2,10777164,42475,0.003941204
9,13,1,8989053,90419,0.01005879
9,13,2,9944891,54877,0.00551811
9,14,1,7968618,108428,0.013606876
9,14,2,9042032,69011,0.007632245
9,15,1,7135332,130238,0.018252549
9,15,2,8133617,89468,0.01099978
9,16,1,6073312,160728,0.026464637
9,16,2,7052922,120006,0.017015075
9,17,1,4840937,198616,0.041028421
9,17,2,5945890,167087,0.02810126
9,18,1,3346192,223014,0.066647102
9,18,2,4541779,222017,0.048883268
10,1,2,1104306,7948,0.00719728
10,1,1,1153327,10164,0.008812765
10,4,2,5563573,852,0.000153139
10,4,1,5810887,1275,0.000219416
10,2,2,4375954,1274,0.000291137
10,2,1,4558814,1708,0.000374659
10,3,2,5471918,735,0.000134322
10,3,1,5692484,984,0.00017286
10,5,2,5488636,2058,0.000374957
10,5,1,5829294,4981,0.000854477
10,6,2,5542918,2848,0.000513809
10,6,1,5783211,8261,0.001428445
10,7,1,5593912,8439,0.001508604
10,7,2,5600976,3757,0.000670776
10,8,1,5635107,9326,0.001654982
10,8,2,5741276,5038,0.000877505
10,9,1,5763910,12012,0.002084002
10,9,2,5931601,7462,0.001258008
10,10,1,5818685,17834,0.003064954
10,10,2,6024358,11709,0.00194361
10,11,1,5531566,26225,0.004740972
10,11,2,5791564,17211,0.002971736
10,12,1,5057384,36998,0.00731564
10,12,2,5379072,24147,0.004489064
10,13,1,4251208,46792,0.011006754
10,13,2,4631470,29952,0.006467061
10,14,1,3368662,53765,0.015960343
10,14,2,3761464,36291,0.009648105
10,15,1,2556915,59027,0.023085241
10,15,2,2953416,43096,0.014591917
10,16,1,1818835,64144,0.03526653
10,16,2,2274040,52782,0.023210674
10,17,1,1250553,68615,0.054867727
10,17,2,1779798,67813,0.038101515
10,18,1,769868,68319,0.088741187
10,18,2,1324634,84899,0.064092421
11,1,2,146948,834,0.005675477
11,1,1,154649,1099,0.007106415
11,4,2,693491,68,9.80546E-05
11,4,1,731389,118,0.000161337
11,2,2,554748,116,0.000209104
11,2,1,588149,173,0.000294143
11,3,2,675817,70,0.000103578
11,3,1,715142,77,0.000107671
11,5,2,678410,192,0.000283015
11,5,1,736070,434,0.000589618
11,6,2,729808,259,0.000354888
11,6,1,898275,804,0.000895049
11,7,2,755911,290,0.000383643
11,7,1,843634,802,0.000950649
11,8,2,737553,401,0.00054369
11,8,1,780315,958,0.001227709
11,9,2,745288,631,0.000846653
11,9,1,773203,1307,0.001690371
11,10,2,773706,1022,0.001320915
11,10,1,784218,1889,0.002408769
11,11,2,788530,1648,0.002089965
11,11,1,788658,3113,0.003947212
11,12,2,778233,2395,0.003077485
11,12,1,779242,4269,0.005478401
11,13,1,698268,5549,0.007946806
11,13,2,711108,3164,0.004449394
11,14,1,572891,6523,0.01138611
11,14,2,593287,3831,0.006457246
11,15,1,442783,7293,0.016470822
11,15,2,482518,4557,0.009444207
11,16,1,335366,8145,0.024286898
11,16,2,398706,5836,0.014637352
11,17,1,265495,10242,0.038576998
11,17,2,341674,8132,0.023800465
11,18,1,193615,12014,0.062050977
11,18,2,273821,10856,0.039646338
12,1,2,186373,992,0.005322659
12,1,1,193929,1286,0.006631293
12,4,2,936337,136,0.000145247
12,4,1,989223,266,0.000268898
12,2,2,738204,195,0.000264155
12,2,1,773732,256,0.000330864
12,3,2,928260,120,0.000129274
12,3,1,978464,144,0.000147169
12,5,2,947813,380,0.000400923
12,5,1,983849,861,0.000875134
12,6,2,875323,427,0.00048782
12,6,1,932976,1153,0.00123583
12,7,2,813724,418,0.000513688
12,7,1,849603,1042,0.001226455
12,8,2,796668,565,0.000709204
12,8,1,834155,1055,0.001264753
12,9,2,798732,823,0.001030383
12,9,1,822756,1444,0.001755077
12,10,2,824546,1271,0.001541454
12,10,1,835597,1975,0.00236358
12,11,1,838480,2995,0.00357194
12,11,2,840994,1913,0.002274689
12,12,1,815070,4327,0.005308746
12,12,2,820891,2664,0.003245254
12,13,1,723146,5493,0.007595976
12,13,2,732031,3513,0.004798977
12,14,1,604019,7015,0.011613873
12,14,2,612116,4561,0.007451202
12,15,1,478333,8232,0.017209768
12,15,2,491294,5790,0.011785204
12,16,1,359758,9830,0.027323923
12,16,2,387346,7624,0.019682661
12,17,1,263733,12161,0.046111029
12,17,2,310231,10321,0.033268758
12,18,1,177673,13434,0.075610813
12,18,2,242301,13680,0.056458702
13,1,2,1397950,9309,0.006659036
13,1,1,1458803,11750,0.008054549
13,4,2,7430505,921,0.000123949
13,4,1,7770984,1448,0.000186334
13,2,2,5633372,1332,0.000236448
13,2,1,5870761,1778,0.000302857
13,3,2,7198794,834,0.000115853
13,3,1,7513939,987,0.000131356
13,5,2,7427283,2363,0.000318151
13,5,1,7892641,6621,0.000838883
13,6,2,7345598,3108,0.000423111
13,6,1,7645364,10659,0.001394178
13,7,2,7467891,3677,0.000492375
13,7,1,7592797,10068,0.001325994
13,8,2,7515401,4894,0.000651196
13,8,1,7581997,10722,0.001414139
13,9,1,7589774,13486,0.001776865
13,9,2,7608514,7375,0.000969309
13,10,1,7769821,20177,0.002596842
13,10,2,7892162,12049,0.001526705
13,11,1,7655342,30594,0.003996425
13,11,2,7860194,19096,0.002429457
13,12,1,7191139,43257,0.00601532
13,12,2,7494700,27258,0.00363697
13,13,1,6122923,55141,0.009005666
13,13,2,6507169,35672,0.005481954
13,14,1,4830097,64706,0.013396418
13,14,2,5295453,44760,0.008452535
13,15,1,3660983,73770,0.020150326
13,15,2,4224718,56341,0.013336038
13,16,1,2808368,89664,0.03192744
13,16,2,3512094,75054,0.021370157
13,17,1,2161744,108468,0.050176154
13,17,2,3010627,102963,0.034199853
13,18,1,1489770,120565,0.0809286
13,18,2,2432890,138579,0.056960652
14,1,2,705534,4856,0.00688273
14,1,1,739704,6209,0.008393898
14,4,2,3741951,533,0.000142439
14,4,1,3929006,840,0.000213795
14,2,2,2842652,873,0.000307108
14,2,1,2975712,1058,0.000355545
14,3,2,3643236,503,0.000138064
14,3,1,3821577,656,0.000171657
14,5,2,3827932,1417,0.000370174
14,5,1,4031009,3499,0.000868021
14,6,2,3810821,1836,0.000481786
14,6,1,3919917,5527,0.001409979
14,7,2,3475004,2224,0.000639999
14,7,1,3516780,5537,0.001574452
14,8,2,3504320,2886,0.000823555
14,8,1,3548886,5997,0.001689826
14,9,2,3653494,4262,0.001166555
14,9,1,3661190,7442,0.002032672
14,10,1,3841786,11205,0.002916612
14,10,2,3856261,6901,0.001789557
14,11,1,3857543,17361,0.004500533
14,11,2,3907418,10659,0.002727888
14,12,1,3685073,24499,0.006648172
14,12,2,3775664,15601,0.004131988
14,13,1,3181485,31315,0.009842888
14,13,2,3324236,20069,0.006037177
14,14,1,2544434,37768,0.01484338
14,14,2,2742408,26021,0.009488377
14,15,1,1946663,43503,0.022347474
14,15,2,2205755,32720,0.014833923
14,16,1,1489535,52125,0.034994142
14,16,2,1830245,43378,0.023700652
14,17,1,1126277,61437,0.054548748
14,17,2,1556890,58516,0.037585186
14,18,1,754488,65689,0.08706434
14,18,2,1233032,75804,0.061477723
15,1,2,321797,1510,0.004692399
15,1,1,335972,1920,0.005714762
15,4,2,1700682,232,0.000136416
15,4,1,1792728,337,0.000187982
15,2,2,1288423,301,0.000233619
15,2,1,1348119,416,0.000308578
15,3,2,1650083,189,0.00011454
15,3,1,1732118,281,0.000162229
15,5,2,1820044,599,0.000329113
15,5,1,1913919,1349,0.000704837
15,6,2,1797250,670,0.000372792
15,6,1,1894798,1821,0.000961052
15,7,2,1523668,697,0.000457449
15,7,1,1593811,1658,0.001040274
15,8,2,1554863,967,0.00062192
15,8,1,1612069,1831,0.001135807
15,9,2,1593334,1404,0.000881171
15,9,1,1626815,2505,0.001539819
15,10,2,1727822,2429,0.001405816
15,10,1,1743388,3933,0.002255952
15,11,2,1801078,3980,0.002209788
15,11,1,1811539,6069,0.00335019
15,12,2,1769908,5802,0.003278136
15,12,1,1776452,9475,0.005333665
15,13,1,1551417,12401,0.007993338
15,13,2,1567487,7488,0.004777073
15,14,1,1261749,15329,0.012149009
15,14,2,1311408,10047,0.007661231
15,15,1,981822,18554,0.018897519
15,15,2,1080864,13222,0.012232806
15,16,1,789420,23582,0.029872565
15,16,2,943933,18339,0.019428286
15,17,1,637758,30422,0.047701479
15,17,2,848272,26303,0.031007743
15,18,1,459922,36224,0.078761181
15,18,2,720091,37978,0.052740556
16,1,2,327869,2031,0.006194547
16,1,1,343163,2629,0.007661082
16,4,2,1652638,248,0.000150063
16,4,1,1747454,392,0.000224326
16,2,2,1301650,379,0.000291169
16,2,1,1362853,528,0.000387423
16,3,2,1631186,229,0.000140389
16,3,1,1716064,247,0.000143934
16,5,2,1699112,669,0.000393735
16,5,1,1813240,1484,0.000818424
16,6,2,1692727,744,0.000439527
16,6,1,1827530,2436,0.001332947
16,7,2,1503419,827,0.00055008
16,7,1,1572957,2157,0.001371303
16,8,2,1505030,1058,0.000702976
16,8,1,1563061,2188,0.001399817
16,9,2,1523516,1603,0.001052171
16,9,1,1552583,2754,0.001773818
16,10,2,1620519,2745,0.001693902
16,10,1,1621776,4124,0.002542891
16,11,1,1659981,6572,0.003959081
16,11,2,1668534,4280,0.002565126
16,12,1,1599243,9601,0.006003465
16,12,2,1617969,5959,0.003683012
16,13,1,1373789,12038,0.008762627
16,13,2,1407566,7719,0.005483935
16,14,1,1091480,14595,0.013371752
16,14,2,1143997,9711,0.008488659
16,15,1,836318,16736,0.020011527
16,15,2,924410,12248,0.013249532
16,16,1,656772,20358,0.030997058
16,16,2,785514,16602,0.021135206
16,17,1,527923,25850,0.048965474
16,17,2,694702,23737,0.034168608
16,18,1,376724,30223,0.080225842
16,18,2,578525,32883,0.056839376
17,1,2,457415,2782,0.006082004
17,1,1,481461,3770,0.007830333
17,4,2,2350764,381,0.000162075
17,4,1,2481696,586,0.000236129
17,2,2,1820348,555,0.000304887
17,2,1,1907147,685,0.000359175
17,3,2,2304845,334,0.000144912
17,3,1,2420566,402,0.000166077
17,5,2,2385661,991,0.000415398
17,5,1,2526249,2360,0.000934191
17,6,2,2485679,1447,0.000582135
17,6,1,2573985,3854,0.001497289
17,7,2,2354297,1862,0.000790894
17,7,1,2384765,4393,0.00184211
17,8,2,2387834,2591,0.001085084
17,8,1,2415310,5096,0.002109874
17,9,2,2487304,3629,0.001459009
17,9,1,2489273,6474,0.002600759
17,10,1,2585531,9522,0.003682802
17,10,2,2618747,5709,0.00218005
17,11,1,2598819,14173,0.005453631
17,11,2,2666564,8602,0.003225874
17,12,1,2495594,19970,0.008002103
17,12,2,2591873,12482,0.004815822
17,13,1,2186076,25468,0.011650098
17,13,2,2314223,16252,0.007022659
17,14,1,1802007,30454,0.016900045
17,14,2,1948606,20930,0.010741012
17,15,1,1403107,35733,0.025467053
17,15,2,1584140,26269,0.016582499
17,16,1,1056182,40986,0.038805812
17,16,2,1289537,32865,0.025485891
17,17,1,762646,45580,0.059765606
17,17,2,1053411,42485,0.040330887
17,18,1,483553,44566,0.09216363
17,18,2,799206,53038,0.066363366
18,1,2,524711,4365,0.008318865
18,1,1,546721,5494,0.010049001
18,4,2,2678878,508,0.000189632
18,4,1,2802516,867,0.000309365
18,2,2,2081548,837,0.000402105
18,2,1,2167026,1096,0.000505762
18,3,2,2597639,432,0.000166305
18,3,1,2708908,617,0.000227767
18,5,2,2795946,1305,0.000466747
18,5,1,2877712,3537,0.001229101
18,6,1,2913146,6166,0.002116612
18,6,2,2920519,1888,0.00064646
18,7,1,2659555,6038,0.002270305
18,7,2,2695952,2385,0.00088466
18,8,1,2516698,6150,0.002443678
18,8,2,2559514,3016,0.001178349
18,9,1,2496699,7494,0.003001563
18,9,2,2572918,4236,0.00164638
18,10,1,2606563,10566,0.004053614
18,10,2,2715085,6464,0.002380773
18,11,1,2659874,15586,0.005859676
18,11,2,2776480,9837,0.003542975
18,12,1,2553742,22014,0.008620291
18,12,2,2687974,13906,0.005173413
18,13,1,2210717,27641,0.012503183
18,13,2,2362344,17678,0.007483245
18,14,1,1763914,31042,0.017598364
18,14,2,1949003,21007,0.010778331
18,15,1,1355106,33956,0.025057818
18,15,2,1569587,25415,0.016192158
18,16,1,1025408,38959,0.037993657
18,16,2,1288820,32301,0.02506246
18,17,1,754094,43175,0.057254135
18,17,2,1057681,41765,0.039487331
18,18,1,483206,43470,0.089961631
18,18,2,794392,51688,0.065066113
19,1,2,110863,599,0.005403065
19,1,1,118086,746,0.00631743
19,4,2,694682,76,0.000109403
19,4,1,732674,130,0.000177432
19,2,2,461593,94,0.000203643
19,2,1,485924,133,0.000273705
19,3,2,629348,77,0.000122349
19,3,1,661853,93,0.000140515
19,5,2,737180,268,0.000363548
19,5,1,783451,575,0.000733932
19,6,2,647383,328,0.000506655
19,6,1,667524,838,0.001255386
19,7,1,607014,856,0.001410182
19,7,2,621388,321,0.000516585
19,8,1,645703,973,0.001506885
19,8,2,662655,418,0.000630796
19,9,1,726559,1211,0.001666761
19,9,2,753987,717,0.000950945
19,10,1,823045,1954,0.002374111
19,10,2,854492,1178,0.001378597
19,11,1,871634,3226,0.003701095
19,11,2,903054,1839,0.002036423
19,12,1,868042,4790,0.005518166
19,12,2,897364,2805,0.003125822
19,13,1,775380,6427,0.008288839
19,13,2,802953,3923,0.004885716
19,14,1,640068,8056,0.012586163
19,14,2,670105,5247,0.007830116
19,15,1,502242,9645,0.01920389
19,15,2,540383,6849,0.012674344
19,16,1,382084,11749,0.030749783
19,16,2,443857,9242,0.020822022
19,17,1,289913,14544,0.050166774
19,17,2,376452,13200,0.035064231
19,18,1,195178,16117,0.082575905
19,18,2,299439,17734,0.059224082
20,1,2,606221,4230,0.006977653
20,1,1,633956,5182,0.008174069
20,4,2,3250199,406,0.000124915
20,4,1,3390587,649,0.000191412
20,2,2,2421418,612,0.000252744
20,2,1,2518371,742,0.000294635
20,3,2,3085862,355,0.000115041
20,3,1,3208766,469,0.000146162
20,5,2,3235011,1028,0.000317773
20,5,1,3396070,2935,0.000864234
20,6,2,3106160,1471,0.000473575
20,6,1,3183003,5295,0.001663523
20,7,1,3137013,5144,0.001639776
20,7,2,3243458,1846,0.000569146
20,8,1,3176436,5287,0.001664444
20,8,2,3360872,2560,0.000761707
20,9,1,3360664,7166,0.002132317
20,9,2,3595511,4103,0.001141145
20,10,1,3576012,10364,0.002898201
20,10,2,3843778,6550,0.001704053
20,11,1,3568694,15191,0.004256739
20,11,2,3852977,9842,0.002554388
20,12,1,3343880,20921,0.006256504
20,12,2,3646222,13640,0.003740858
20,13,1,2846909,25402,0.00892266
20,13,2,3128654,16993,0.005431409
20,14,1,2230425,29304,0.013138303
20,14,2,2493761,20354,0.008161969
20,15,1,1665157,32549,0.019547106
20,15,2,1929718,24928,0.01291795
20,16,1,1229697,37752,0.030700246
20,16,2,1528086,32265,0.021114649
20,17,1,915839,44912,0.049039187
20,17,2,1272186,43817,0.034442291
20,18,1,617315,48592,0.078715081
20,18,2,996591,57683,0.057880314
21,1,2,624181,2694,0.004316056
21,1,1,652606,3449,0.005284965
21,4,2,3465600,324,9.34903E-05
21,4,1,3637616,453,0.000124532
21,2,2,2510574,385,0.000153351
21,2,1,2620435,495,0.0001889
21,3,2,3280254,273,8.32253E-05
21,3,1,3428676,336,9.7997E-05
21,5,2,3785023,777,0.000205283
21,5,1,3880779,1977,0.000509434
21,6,1,3807114,3775,0.000991565
21,6,2,3841365,1348,0.000350917
21,7,1,3697054,4089,0.001106016
21,7,2,3774359,1545,0.000409341
21,8,1,3666043,4626,0.001261851
21,8,2,3782530,2093,0.000553333
21,9,1,3836922,6184,0.001611709
21,9,2,3990461,3357,0.000841256
21,10,1,4081275,9497,0.002326969
21,10,2,4257727,5633,0.001323006
21,11,1,4086327,14341,0.003509509
21,11,2,4291802,8524,0.001986112
21,12,1,3849234,19898,0.00516934
21,12,2,4073381,12048,0.00295774
21,13,1,3297918,25265,0.007660894
21,13,2,3552100,15982,0.00449931
21,14,1,2605910,29171,0.01119417
21,14,2,2884770,20253,0.007020664
21,15,1,1985173,34970,0.017615593
21,15,2,2295901,26160,0.01139422
21,16,1,1534471,44056,0.028710872
21,16,2,1923617,36310,0.018875899
21,17,1,1220911,56846,0.046560314
21,17,2,1709702,53982,0.031573923
21,18,1,874482,68078,0.077849515
21,18,2,1440815,78871,0.054740546
22,1,2,1010538,6904,0.006832004
22,1,1,1060404,8879,0.008373224
22,4,2,5880809,858,0.000145898
22,4,1,6177671,1228,0.00019878
22,2,2,4159521,998,0.000239931
22,2,1,4356067,1334,0.00030624
22,3,2,5522227,673,0.000121871
22,3,1,5789486,887,0.000153209
22,5,2,6013648,1942,0.000322932
22,5,1,6331678,4966,0.00078431
22,6,2,5749822,2803,0.000487493
22,6,1,5899659,7871,0.001334145
22,7,2,5151078,3111,0.000603951
22,7,1,5196493,7998,0.001539115
22,8,1,5333652,8873,0.001663588
22,8,2,5369721,4375,0.000814754
22,9,1,5636527,11467,0.002034409
22,9,2,5703601,6601,0.001157339
22,10,1,6091663,17713,0.002907745
22,10,2,6187659,10930,0.001766419
22,11,1,6221261,27373,0.004399912
22,11,2,6368008,17243,0.002707754
22,12,1,5984023,39453,0.006593056
22,12,2,6178859,25112,0.004064181
22,13,1,5202904,49260,0.00946779
22,13,2,5446476,32165,0.005905653
22,14,1,4145683,57190,0.013795073
22,14,2,4440026,39659,0.008932155
22,15,1,3157735,64556,0.020443767
22,15,2,3533091,49253,0.013940484
22,16,1,2429834,77473,0.031884071
22,16,2,2922858,64988,0.022234402
22,17,1,1854958,94368,0.050873389
22,17,2,2487992,89629,0.036024634
22,18,1,1267309,104356,0.082344558
22,18,2,1993329,117489,0.058941098
23,1,2,571932,2598,0.004542498
23,1,1,598004,3523,0.005891265
23,4,2,3011292,355,0.00011789
23,4,1,3167135,567,0.000179026
23,2,2,2292062,483,0.000210727
23,2,1,2393321,593,0.000247773
23,3,2,2915100,338,0.000115948
23,3,1,3056023,403,0.000131871
23,5,2,3099244,874,0.000282004
23,5,1,3236186,2047,0.000632535
23,6,2,2947519,1047,0.000355214
23,6,1,3063576,3138,0.001024293
23,7,2,2892281,1156,0.000399685
23,7,1,2983944,2862,0.000959133
23,8,2,2932531,1529,0.000521393
23,8,1,3007882,3134,0.001041929
23,9,2,2999650,2348,0.000782758
23,9,1,3065687,4063,0.001325315
23,10,2,3212410,3699,0.001151472
23,10,1,3255038,6172,0.001896138
23,11,2,3275945,5835,0.001781165
23,11,1,3303526,9822,0.002973187
23,12,2,3125382,8567,0.002741105
23,12,1,3128236,14157,0.004525554
23,13,1,2642155,17924,0.006783856
23,13,2,2669353,11290,0.004229489
23,14,1,2069208,21609,0.010443126
23,14,2,2143615,14094,0.006574875
23,15,1,1550967,24998,0.016117687
23,15,2,1678885,18087,0.010773222
23,16,1,1194381,31602,0.026458894
23,16,2,1380890,24512,0.017750871
23,17,1,928680,40393,0.043495068
23,17,2,1189761,34607,0.029087355
23,18,1,659460,48816,0.074024202
23,18,2,995607,49958,0.050178434
24,1,2,340959,3102,0.009097868
24,1,1,357015,4014,0.011243225
24,4,2,1774673,354,0.000199473
24,4,1,1853445,626,0.000337749
24,2,2,1364721,600,0.00043965
24,2,1,1422042,765,0.000537959
24,3,2,1721762,333,0.000193407
24,3,1,1794556,409,0.000227912
24,5,2,1850641,977,0.000527925
24,5,1,1921707,2238,0.00116459
24,6,2,1851857,1343,0.000725218
24,6,1,1872445,3486,0.001861737
24,7,1,1614469,3496,0.002165418
24,7,2,1665255,1629,0.000978229
24,8,1,1570858,3943,0.002510093
24,8,2,1639731,2101,0.001281308
24,9,1,1588343,4851,0.003054126
24,9,2,1672591,3102,0.001854608
24,10,1,1652096,7266,0.00439805
24,10,2,1747345,4685,0.002681211
24,11,1,1659283,10631,0.006406984
24,11,2,1758684,6872,0.003907467
24,12,1,1597564,15185,0.009505097
24,12,2,1702227,9521,0.005593261
24,13,1,1400424,19244,0.013741553
24,13,2,1513169,11802,0.007799525
24,14,1,1153555,22137,0.019190242
24,14,2,1279211,14653,0.011454717
24,15,1,915541,24905,0.027202496
24,15,2,1058382,17718,0.016740648
24,16,1,693541,28117,0.040541223
24,16,2,877507,22321,0.025436834
24,17,1,497262,30563,0.061462569
24,17,2,716022,28769,0.040178933
24,18,1,311095,29493,0.094803838
24,18,2,538963,34926,0.064802222
25,1,2,627233,4084,0.006511137
25,1,1,659207,5323,0.008074854
25,4,2,3353096,537,0.00016015
25,4,1,3516154,789,0.000224393
25,2,2,2515254,747,0.000296988
25,2,1,2630271,910,0.000345972
25,3,2,3221271,442,0.000137213
25,3,1,3370661,568,0.000168513
25,5,2,3445285,1535,0.000445536
25,5,1,3623986,3744,0.001033117
25,6,2,3465216,1868,0.000539072
25,6,1,3500974,5542,0.001582988
25,7,1,3228627,5290,0.001638467
25,7,2,3251169,2087,0.000641923
25,8,1,3196768,5777,0.001807138
25,8,2,3207169,2828,0.000881775
25,9,1,3273297,7391,0.002257968
25,9,2,3302480,4130,0.001250575
25,10,1,3467471,10780,0.003108894
25,10,2,3532436,6790,0.001922186
25,11,1,3527130,16659,0.004723103
25,11,2,3623616,10388,0.00286675
25,12,1,3390465,24166,0.007127636
25,12,2,3537514,14733,0.004164789
25,13,1,2949801,29994,0.010168144
25,13,2,3147071,19127,0.006077715
25,14,1,2416290,36055,0.014921636
25,14,2,2645601,24943,0.009428103
25,15,1,1925809,41932,0.021773707
25,15,2,2174405,31228,0.01436163
25,16,1,1503750,50882,0.033836741
25,16,2,1813314,41394,0.022827817
25,17,1,1145138,60328,0.05268186
25,17,2,1531366,56315,0.036774357
25,18,1,763381,64612,0.084639256
25,18,2,1210462,73279,0.060538042
26,1,2,97326,555,0.005702484
26,1,1,101680,688,0.006766326
26,4,2,530906,78,0.000146919
26,4,1,561233,169,0.000301123
26,2,2,388919,118,0.000303405
26,2,1,408602,162,0.000396474
26,3,2,501356,81,0.000161562
26,3,1,527343,121,0.000229452
26,5,2,564282,309,0.000547599
26,5,1,607835,644,0.001059498
26,6,2,549772,350,0.000636628
26,6,1,602049,954,0.001584589
26,7,2,470091,340,0.000723264
26,7,1,499119,879,0.001761103
26,8,2,474021,439,0.000926119
26,8,1,494201,891,0.00180291
26,9,2,490965,612,0.001246525
26,9,1,498131,1149,0.002306622
26,10,1,549292,1580,0.00287643
26,10,2,552719,963,0.001742296
26,11,1,599065,2409,0.004021266
26,11,2,605389,1495,0.002469487
26,12,1,615593,3651,0.005930867
26,12,2,617260,2192,0.003551178
26,13,2,559481,2843,0.005081495
26,13,1,561761,4711,0.008386129
26,14,2,460139,3654,0.007941079
26,14,1,469089,5523,0.011773885
26,15,1,363758,6501,0.017871772
26,15,2,364013,4479,0.012304506
26,16,1,276335,7927,0.028686196
26,16,2,293699,6037,0.020555058
26,17,1,205047,9481,0.04623818
26,17,2,239128,7971,0.033333612
26,18,1,140297,10918,0.077820623
26,18,2,192927,10845,0.056212972
27,1,2,210627,1125,0.005341196
27,1,1,222413,1476,0.006636303
27,4,2,1049051,166,0.000158238
27,4,1,1099831,213,0.000193666
27,2,2,837315,216,0.000257967
27,2,1,876515,284,0.00032401
27,3,2,1038218,138,0.00013292
27,3,1,1084577,169,0.000155821
27,5,2,1093962,436,0.000398551
27,5,1,1150588,932,0.000810021
27,6,2,1080597,443,0.000409959
27,6,1,1135437,1259,0.001108824
27,7,2,973214,460,0.000472661
27,7,1,1020501,1078,0.001056344
27,8,2,975450,611,0.000626378
27,8,1,1011662,1185,0.00117134
27,9,2,967703,936,0.000967239
27,9,1,995942,1524,0.00153021
27,10,2,1023294,1491,0.001457059
27,10,1,1036353,2328,0.002246339
27,11,2,1059625,2327,0.00219606
27,11,1,1063100,3473,0.003266861
27,12,1,1027447,5458,0.005312196
27,12,2,1033994,3179,0.003074486
27,13,1,887130,6828,0.00769673
27,13,2,899767,4375,0.00486237
27,14,1,705199,8511,0.012068934
27,14,2,737344,5634,0.007640938
27,15,1,542896,10142,0.018681294
27,15,2,595598,7385,0.012399303
27,16,1,433352,12977,0.029945633
27,16,2,513341,9969,0.01941984
27,17,1,348314,16689,0.047913664
27,17,2,455245,14400,0.031631319
27,18,1,247027,19630,0.079464998
27,18,2,378681,20398,0.053865919
28,1,2,289829,1582,0.005458391
28,1,1,303642,1919,0.006319943
28,4,2,1418275,210,0.000148067
28,4,1,1490849,311,0.000208606
28,2,2,1148931,293,0.00025502
28,2,1,1204246,445,0.000369526
28,3,2,1416670,151,0.000106588
28,3,1,1485295,212,0.000142733
28,5,2,1320118,525,0.000397692
28,5,1,1418331,1273,0.000897534
28,6,2,1369731,735,0.000536602
28,6,1,1448840,2152,0.001485326
28,7,2,1503514,888,0.000590616
28,7,1,1588527,2328,0.001465509
28,8,2,1499119,1203,0.000802471
28,8,1,1595507,2534,0.00158821
28,9,2,1501906,1837,0.001223112
28,9,1,1602590,3340,0.002084126
28,10,2,1506711,2831,0.001878927
28,10,1,1606305,4939,0.003074759
28,11,2,1460536,4148,0.002840053
28,11,1,1528024,7231,0.004732256
28,12,2,1406240,5910,0.004202697
28,12,1,1420699,10050,0.007073983
28,13,1,1263018,13010,0.010300724
28,13,2,1291449,7729,0.00598475
28,14,1,1082583,16138,0.01490694
28,14,2,1112146,10165,0.009139987
28,15,1,876519,18618,0.02124084
28,15,2,896432,12504,0.013948632
28,16,1,651643,21028,0.032269203
28,16,2,678840,14941,0.022009605
28,17,1,449471,22647,0.050385898
28,17,2,500449,18443,0.036852906
28,18,1,265942,21745,0.081765949
28,18,2,339092,21101,0.06222795
29,1,2,114799,512,0.004459969
29,1,1,119957,617,0.00514351
29,4,2,730839,75,0.000102622
29,4,1,770737,110,0.000142721
29,2,2,481630,84,0.000174408
29,2,1,503277,106,0.00021062
29,3,2,662771,50,7.54408E-05
29,3,1,693056,82,0.000118317
29,5,2,771959,197,0.000255195
29,5,1,799917,431,0.000538806
29,6,2,680035,275,0.000404391
29,6,1,701909,811,0.00115542
29,7,2,604246,288,0.000476627
29,7,1,614652,774,0.001259249
29,8,1,667388,816,0.001222677
29,8,2,673736,424,0.000629327
29,9,1,760944,1113,0.001462657
29,9,2,776708,642,0.000826565
29,10,1,871202,1877,0.002154495
29,10,2,885441,1051,0.001186979
29,11,1,902310,2865,0.003175184
29,11,2,913809,1697,0.001857062
29,12,1,864320,4104,0.004748241
29,12,2,876403,2523,0.002878813
29,13,1,740473,5346,0.00721971
29,13,2,751581,3351,0.004458601
29,14,1,581871,6464,0.011108992
29,14,2,599461,4190,0.006989612
29,15,1,437919,7735,0.017663084
29,15,2,464294,5425,0.011684407
29,16,1,321335,9090,0.028288235
29,16,2,363823,7366,0.020246109
29,17,1,237041,11308,0.047704827
29,17,2,304750,9966,0.032702215
29,18,1,160935,12501,0.077677323
29,18,2,244921,14002,0.057169455
30,1,2,898952,4577,0.005091484
30,1,1,940976,5568,0.00591726
30,4,2,4935236,533,0.000107999
30,4,1,5172500,717,0.000138618
30,2,2,3671982,662,0.000180284
30,2,1,3833871,875,0.000228229
30,3,2,4742681,434,9.15094E-05
30,3,1,4962748,516,0.000103975
30,5,2,4725647,1138,0.000240814
30,5,1,5034216,2878,0.000571688
30,6,2,4328097,1881,0.000434602
30,6,1,4586072,5749,0.001253578
30,7,2,4605916,2223,0.00048264
30,7,1,4687172,6069,0.001294811
30,8,1,4952758,6667,0.001346119
30,8,2,5026946,3204,0.000637365
30,9,1,5326808,8877,0.001666476
30,9,2,5484784,5081,0.000926381
30,10,1,5654038,13560,0.002398286
30,10,2,5858447,8517,0.001453798
30,11,1,5563938,20184,0.003627646
30,11,2,5822584,12730,0.002186315
30,12,1,5154977,27990,0.005429704
30,12,2,5467299,17801,0.003255904
30,13,1,4360184,34949,0.008015487
30,13,2,4728773,22907,0.004844174
30,14,1,3436555,40846,0.01188574
30,14,2,3833742,28990,0.007561803
30,15,1,2629931,47860,0.018198196
30,15,2,3093361,36983,0.011955604
30,16,1,2040627,59882,0.029344902
30,16,2,2596327,50477,0.019441696
30,17,1,1598193,76163,0.047655696
30,17,2,2265517,73505,0.032445133
30,18,1,1123087,87193,0.077636906
30,18,2,1844000,101386,0.054981562
31,1,2,232631,1233,0.005300239
31,1,1,240833,1593,0.006614542
31,4,2,1197218,198,0.000165383
31,4,1,1240753,332,0.000267579
31,2,2,922583,295,0.000319754
31,2,1,952491,379,0.000397904
31,3,2,1149967,161,0.000140004
31,3,1,1191278,180,0.000151098
31,5,2,1213142,559,0.000460787
31,5,1,1281761,1486,0.001159342
31,6,2,1157042,813,0.000702654
31,6,1,1231578,2322,0.001885386
31,7,2,1085013,868,0.00079999
31,7,1,1125050,2370,0.002106573
31,8,2,1045660,1117,0.001068225
31,8,1,1063614,2599,0.002443556
31,9,1,1064207,3166,0.002974985
31,9,2,1077664,1607,0.001491188
31,10,1,1115403,4516,0.004048761
31,10,2,1142780,2273,0.001989009
31,11,1,1139654,6004,0.005268266
31,11,2,1183989,3320,0.00280408
31,12,1,1117444,7858,0.00703212
31,12,2,1178837,4542,0.00385295
31,13,1,991970,9235,0.009309757
31,13,2,1064860,5608,0.00526642
31,14,1,827528,10662,0.012884156
31,14,2,897655,6840,0.007619854
31,15,1,661012,12023,0.018188777
31,15,2,724946,8370,0.011545688
31,16,1,506351,14062,0.02777125
31,16,2,575303,10701,0.018600633
31,17,1,373035,16286,0.043658102
31,17,2,456325,14531,0.031843533
31,18,1,244486,17720,0.072478588
31,18,2,334586,18070,0.054007042
32,1,2,2001705,10291,0.005141117
32,1,1,2096898,13031,0.006214418
32,4,2,10532377,1180,0.000112035
32,4,1,11030914,1730,0.000156832
32,2,2,7851709,1634,0.000208108
32,2,1,8216185,2064,0.000251211
32,3,2,10016691,1010,0.000100832
32,3,1,10470344,1361,0.000129986
32,5,2,10991984,2609,0.000237355
32,5,1,11539366,6590,0.000571089
32,6,2,11402633,3939,0.000345447
32,6,1,11593533,12034,0.001037992
32,7,1,11402135,12194,0.001069449
32,7,2,11672262,4822,0.000413116
32,8,1,11203448,13614,0.001215162
32,8,2,11556264,6676,0.000577695
32,9,1,11415316,18438,0.001615198
32,9,2,11825994,10771,0.00091079
32,10,1,11824665,28495,0.002409793
32,10,2,12321711,17585,0.001427156
32,11,1,11666542,43371,0.003717554
32,11,2,12309223,27215,0.002210944
32,12,1,10987835,61502,0.005597281
32,12,2,11809859,39006,0.003302834
32,13,1,9432259,77288,0.008194007
32,13,2,10402054,51215,0.004923547
32,14,1,7560809,91976,0.012164836
32,14,2,8615361,64770,0.007517967
32,15,1,5808025,105664,0.018192759
32,15,2,6936208,81950,0.011814813
32,16,1,4510298,127913,0.02836021
32,16,2,5791600,109592,0.018922578
32,17,1,3500325,158514,0.045285509
32,17,2,4965739,152383,0.030686873
32,18,1,2431242,177823,0.073140806
32,18,2,4002162,205598,0.051371734
33,1,2,996274,7217,0.007243991
33,1,1,1043672,9343,0.008952046
33,4,2,5073419,698,0.00013758
33,4,1,5303350,1136,0.000214204
33,2,2,3957790,1054,0.00026631
33,2,1,4134238,1358,0.000328476
33,3,2,4980222,658,0.000132123
33,3,1,5213763,854,0.000163797
33,5,2,5102962,1903,0.000372921
33,5,1,5397345,4695,0.000869872
33,6,2,5237648,2608,0.000497933
33,6,1,5590514,8126,0.001453534
33,7,1,5133816,7931,0.001544855
33,7,2,5182291,3144,0.000606681
33,8,1,5277974,8587,0.00162695
33,8,2,5329248,4402,0.000826008
33,9,1,5425076,11220,0.002068174
33,9,2,5547161,6829,0.00123108
33,10,1,5555533,16619,0.002991432
33,10,2,5742618,10721,0.001866919
33,11,1,5402417,25015,0.004630335
33,11,2,5650177,16091,0.002847875
33,12,1,5076094,36059,0.00710369
33,12,2,5420629,22631,0.004174977
33,13,1,4452755,45646,0.010251182
33,13,2,4859109,29157,0.006000483
33,14,1,3691765,55099,0.014924839
33,14,2,4127375,36807,0.008917775
33,15,1,2927952,64160,0.021912928
33,15,2,3382655,46804,0.013836469
33,16,1,2184779,73753,0.033757648
33,16,2,2705182,59490,0.021991127
33,17,1,1568422,83504,0.053240773
33,17,2,2191145,78517,0.035833776
33,18,1,988799,84086,0.085038516
33,18,2,1649119,100449,0.060910704
34,1,2,71430,444,0.006215876
34,1,1,76240,552,0.007240294
34,4,2,355665,55,0.00015464
34,4,1,374634,68,0.00018151
34,2,2,282340,58,0.000205426
34,2,1,295184,99,0.000335384
34,3,2,346081,35,0.000101132
34,3,1,364074,61,0.000167548
34,5,2,413753,188,0.000454377
34,5,1,447786,394,0.000879885
34,6,2,474749,174,0.000366509
34,6,1,550034,593,0.001078115
34,7,2,350047,183,0.000522787
34,7,1,402678,525,0.001303771
34,8,2,336725,250,0.000742446
34,8,1,368537,512,0.001389277
34,9,2,331186,352,0.001062847
34,9,1,353990,597,0.001686488
34,10,2,363934,488,0.001340902
34,10,1,375817,969,0.002578383
34,11,2,389361,834,0.002141971
34,11,1,401359,1398,0.003483166
34,12,2,384262,1136,0.002956316
34,12,1,401486,2034,0.005066179
34,13,2,334289,1493,0.004466195
34,13,1,349145,2612,0.007481132
34,14,2,270953,1977,0.007296468
34,14,1,275878,3211,0.011639203
34,15,1,211440,3886,0.018378736
34,15,2,223501,2585,0.011565944
34,16,1,170283,4963,0.029145599
34,16,2,197298,3499,0.017734594
34,17,1,140680,6491,0.046140176
34,17,2,178141,5021,0.028185538
34,18,1,102966,7852,0.076258182
34,18,2,153096,7421,0.048472854
35,1,2,1192517,8314,0.006971808
35,1,1,1246843,10748,0.008620171
35,4,2,6624116,894,0.000134961
35,4,1,6947342,1296,0.000186546
35,2,2,4837796,1253,0.000259002
35,2,1,5052692,1670,0.000330517
35,3,2,6326799,702,0.000110957
35,3,1,6602872,974,0.000147512
35,5,2,6748250,2134,0.00031623
35,5,1,7071123,5218,0.000737931
35,6,2,6478755,3023,0.000466602
35,6,1,6546076,8519,0.00130139
35,7,1,6168886,8798,0.001426189
35,7,2,6199102,3775,0.000608959
35,8,1,6126110,10239,0.001671371
35,8,2,6180328,5109,0.000826655
35,9,1,6439976,13166,0.002044418
35,9,2,6541560,7484,0.00114407
35,10,1,6926228,20340,0.002936663
35,10,2,7085657,12816,0.001808724
35,11,1,7081471,31562,0.004456984
35,11,2,7297954,20222,0.002770914
35,12,1,6861483,46264,0.006742566
35,12,2,7149005,29514,0.004128407
35,13,1,5957473,58784,0.009867271
35,13,2,6304805,38369,0.006085676
35,14,1,4779013,69815,0.014608665
35,14,2,5217309,48604,0.009315914
35,15,1,3669970,80787,0.022012986
35,15,2,4219604,62052,0.014705645
35,16,1,2880473,98506,0.034197856
35,16,2,3570013,84234,0.023594872
35,17,1,2231303,121019,0.054236919
35,17,2,3095065,115402,0.037285808
35,18,1,1521228,130977,0.08609952
35,18,2,2469355,153370,0.062109336
36,1,2,424611,3021,0.007114747
36,1,1,445199,3912,0.008787082
36,4,2,2106058,354,0.000168087
36,4,1,2208935,606,0.00027434
36,2,2,1671875,602,0.000360075
36,2,1,1752355,821,0.000468512
36,3,2,2075949,348,0.000167634
36,3,1,2182750,474,0.000217157
36,5,2,2166126,1046,0.00048289
36,5,1,2308389,2417,0.001047051
36,6,2,2239344,1324,0.000591245
36,6,1,2390188,3683,0.001540883
36,7,2,2049341,1593,0.000777323
36,7,1,2128292,3738,0.001756338
36,8,2,1988168,2136,0.001074356
36,8,1,2048638,4106,0.002004258
36,9,2,1991700,3103,0.001557966
36,9,1,2017896,5245,0.002599242
36,10,1,2093329,7746,0.003700326
36,10,2,2095673,4906,0.002341014
36,11,1,2113090,11694,0.005534076
36,11,2,2143474,7631,0.003560108
36,12,1,2045574,16885,0.008254407
36,12,2,2116885,11009,0.005200566
36,13,1,1801784,21880,0.01214352
36,13,2,1907398,14208,0.007448891
36,14,1,1495218,25579,0.017107204
36,14,2,1619533,18057,0.01114951
36,15,1,1201505,29208,0.024309512
36,15,2,1353409,22068,0.016305492
36,16,1,933383,34229,0.036671977
36,16,2,1118986,28028,0.025047677
36,17,1,700245,39446,0.056331712
36,17,2,922126,36828,0.039938143
36,18,1,455876,40548,0.088945239
36,18,2,697234,46092,0.066106931
37,1,2,379055,1882,0.004964979
37,1,1,398424,2310,0.005797844
37,4,2,2015121,267,0.000132498
37,4,1,2114528,384,0.000181601
37,2,2,1526854,340,0.00022268
37,2,1,1597308,449,0.000281098
37,3,2,1943913,246,0.000126549
37,3,1,2035139,262,0.000128738
37,5,2,2066034,608,0.000294284
37,5,1,2182561,1470,0.000673521
37,6,2,2105228,847,0.000402332
37,6,1,2176177,2462,0.001131342
37,7,2,2094829,953,0.00045493
37,7,1,2165227,2479,0.001144915
37,8,2,2112674,1276,0.000603974
37,8,1,2201260,2811,0.001276996
37,9,2,2106464,2025,0.000961327
37,9,1,2170682,3731,0.001718815
37,10,2,2190825,3361,0.001534125
37,10,1,2210915,5379,0.002432929
37,11,1,2237868,8774,0.003920696
37,11,2,2268914,5333,0.002350464
37,12,1,2217646,12878,0.005807058
37,12,2,2290513,8138,0.003552916
37,13,1,2001474,16809,0.00839831
37,13,2,2094288,10786,0.005150199
37,14,1,1653686,20546,0.012424366
37,14,2,1744359,13850,0.007939879
37,15,1,1266427,22995,0.018157383
37,15,2,1367041,17170,0.012559974
37,16,1,950047,27406,0.028846994
37,16,2,1079782,22126,0.020491173
37,17,1,717876,33306,0.046395199
37,17,2,900429,30527,0.033902729
37,18,1,507827,39006,0.076809622
37,18,2,728830,41322,0.056696349
38,1,2,1190009,7637,0.006417599
38,1,1,1242499,9796,0.007884111
38,4,2,6819013,827,0.000121279
38,4,1,7166024,1272,0.000177504
38,2,2,4818750,1075,0.000223087
38,2,1,5036689,1512,0.000300197
38,3,2,6348340,712,0.000112155
38,3,1,6643369,955,0.000143752
38,5,2,7315499,2215,0.000302782
38,5,1,7635938,6118,0.000801211
38,6,2,6970787,3316,0.0004757
38,6,1,7123845,11023,0.001547339
38,7,2,6487978,3895,0.000600341
38,7,1,6546776,10299,0.001573141
38,8,1,6496861,10792,0.00166111
38,8,2,6511929,4954,0.000760758
38,9,1,6910678,13809,0.001998212
38,9,2,7025766,7829,0.001114327
38,10,1,7595847,21359,0.002811931
38,10,2,7760648,12895,0.001661588
38,11,1,7844928,32653,0.004162307
38,11,2,8062560,20360,0.002525253
38,12,1,7600511,47643,0.006268394
38,12,2,7874721,28958,0.003677337
38,13,1,6657252,60889,0.009146266
38,13,2,7019871,38438,0.005475599
38,14,1,5381121,73841,0.013722234
38,14,2,5859709,49728,0.008486428
38,15,1,4231287,87250,0.020620204
38,15,2,4860334,64532,0.013277277
38,16,1,3417610,110621,0.032367941
38,16,2,4270931,90990,0.021304488
38,17,1,2759908,141789,0.051374539
38,17,2,3858480,133420,0.034578383
38,18,1,1961622,162782,0.082983368
38,18,2,3208748,187773,0.058519086
39,1,2,97532,577,0.005916007
39,1,1,101810,696,0.006836264
39,4,2,558649,69,0.000123512
39,4,1,588557,77,0.000130828
39,2,2,397601,62,0.000155935
39,2,1,416187,88,0.000211443
39,3,2,526823,50,9.49085E-05
39,3,1,554142,71,0.000128126
39,5,2,659979,148,0.00022425
39,5,1,670364,352,0.000525088
39,6,2,668940,197,0.000294496
39,6,1,672864,618,0.000918462
39,7,1,568688,633,0.001113088
39,7,2,570994,273,0.000478114
39,8,1,557710,723,0.001296373
39,8,2,575002,330,0.000573911
39,9,1,595204,1047,0.001759061
39,9,2,621134,547,0.000880647
39,10,1,644848,1657,0.002569598
39,10,2,674537,932,0.001381688
39,11,1,652815,2549,0.003904628
39,11,2,692632,1558,0.002249391
39,12,1,621422,3514,0.005654772
39,12,2,661706,2097,0.003169081
39,13,1,538250,4542,0.008438458
39,13,2,576133,2834,0.004919003
39,14,1,425628,5215,0.012252483
39,14,2,465944,3566,0.00765328
39,15,1,324519,6017,0.018541287
39,15,2,373911,4568,0.012216811
39,16,1,253759,7812,0.030785115
39,16,2,321506,6154,0.019141167
39,17,1,208224,10126,0.048630321
39,17,2,297547,9620,0.032331027
39,18,1,154220,12283,0.07964596
39,18,2,259625,13983,0.05385845
40,1,2,481325,3507,0.007286137
40,1,1,498376,4534,0.009097549
40,4,2,2485497,394,0.00015852
40,4,1,2588829,647,0.00024992
40,2,2,1896817,537,0.000283106
40,2,1,1973868,754,0.000381991
40,3,2,2404866,349,0.000145122
40,3,1,2503700,455,0.000181731
40,5,2,2592722,1076,0.000415008
40,5,1,2733934,2735,0.00100039
40,6,2,2662127,1481,0.000556322
40,6,1,2752497,4580,0.001663944
40,7,1,2482471,4509,0.001816335
40,7,2,2507350,1838,0.000733045
40,8,1,2422880,4937,0.002037658
40,8,2,2470752,2509,0.00101548
40,9,1,2489026,6280,0.002523075
40,9,2,2569616,3769,0.001466756
40,10,1,2590059,9647,0.003724626
40,10,2,2707889,6093,0.002250092
40,11,1,2584898,14541,0.005625367
40,11,2,2748761,9121,0.003318222
40,12,1,2494774,21055,0.008439642
40,12,2,2694214,12892,0.004785069
40,13,1,2238829,26856,0.011995557
40,13,2,2473324,16518,0.006678462
40,14,1,1914091,31524,0.016469436
40,14,2,2145885,20714,0.009652894
40,15,1,1559106,35887,0.023017678
40,15,2,1772519,25073,0.014145405
40,16,1,1147247,39296,0.034252432
40,16,2,1386377,31012,0.022369096
40,17,1,801459,43124,0.05380687
40,17,2,1088132,40313,0.037047895
40,18,1,490928,42514,0.086599257
40,18,2,798429,49752,0.062312366
41,1,2,93583,583,0.006229764
41,1,1,98607,811,0.008224568
41,4,2,463414,104,0.000224421
41,4,1,488061,147,0.000301192
41,2,2,369670,111,0.000300268
41,2,1,387037,160,0.000413397
41,3,2,454630,96,0.000211161
41,3,1,480557,100,0.000208092
41,5,2,492574,242,0.000491297
41,5,1,523127,561,0.001072397
41,6,2,474804,236,0.000497047
41,6,1,509692,732,0.001436161
41,7,2,413489,253,0.000611866
41,7,1,443532,602,0.001357287
41,8,2,403530,339,0.000840086
41,8,1,424179,662,0.001560662
41,9,2,407617,487,0.001194749
41,9,1,423149,814,0.001923672
41,10,2,440323,680,0.001544321
41,10,1,452122,1183,0.00261655
41,11,2,463797,1067,0.002300575
41,11,1,475039,1832,0.003856525
41,12,2,457347,1505,0.003290718
41,12,1,466738,2503,0.005362752
41,13,2,401517,1889,0.004704658
41,13,1,408903,3325,0.008131513
41,14,1,332563,3936,0.011835351
41,14,2,333929,2498,0.007480632
41,15,1,257072,4713,0.018333385
41,15,2,271841,3220,0.011845159
41,16,1,205723,5923,0.028791141
41,16,2,235806,4253,0.018036013
41,17,1,167352,7727,0.04617214
41,17,2,210245,6059,0.028818759
41,18,1,121606,9149,0.075234775
41,18,2,176933,8800,0.049736341
42,1,2,656442,4859,0.007402025
42,1,1,685345,6299,0.009190991
42,4,2,3428659,554,0.000161579
42,4,1,3607409,829,0.000229805
42,2,2,2624562,783,0.000298335
42,2,1,2734891,995,0.000363817
42,3,2,3345105,437,0.000130639
42,3,1,3498614,580,0.00016578
42,5,2,3449953,1485,0.000430441
42,5,1,3620618,3734,0.001031316
42,6,2,3583392,2159,0.000602502
42,6,1,3614721,5959,0.001648537
42,7,1,3472968,6184,0.00178061
42,7,2,3514652,2706,0.00076992
42,8,1,3474906,7079,0.002037177
42,8,2,3511361,3622,0.001031509
42,9,1,3581916,9374,0.002617035
42,9,2,3652701,5588,0.001529827
42,10,1,3711953,13977,0.003765403
42,10,2,3837585,8843,0.002304314
42,11,1,3685761,20897,0.005669657
42,11,2,3858591,13127,0.003402019
42,12,1,3537141,29556,0.008355901
42,12,2,3749769,18497,0.004932837
42,13,1,3133792,37255,0.011888153
42,13,2,3371362,23693,0.007027724
42,14,1,2613645,44213,0.016916222
42,14,2,2861214,29280,0.010233418
42,15,1,2073623,50040,0.024131677
42,15,2,2346062,36350,0.015494049
42,16,1,1536414,56317,0.036654834
42,16,2,1879111,45526,0.024227414
42,17,1,1092272,62162,0.056910733
42,17,2,1521938,59230,0.038917485
42,18,1,684558,62018,0.090595684
42,18,2,1145586,74203,0.064772963
43,1,2,3114709,17654,0.005667945
43,1,1,3248940,22147,0.006816685
43,4,2,15065482,2127,0.000141184
43,4,1,15735961,3227,0.000205072
43,2,2,12202417,3470,0.00028437
43,2,1,12744228,4434,0.000347922
43,3,2,14977414,1890,0.00012619
43,3,1,15627419,2514,0.000160871
43,5,2,14730507,5330,0.000361834
43,5,1,15718209,12763,0.000811988
43,6,2,14644335,7043,0.000480937
43,6,1,15584981,21001,0.001347515
43,7,2,14664864,8180,0.000557796
43,7,1,15129301,20499,0.00135492
43,8,2,14585973,10733,0.000735844
43,8,1,14817477,21815,0.001472248
43,9,2,14569558,15276,0.001048488
43,9,1,14580231,27524,0.001887762
43,10,1,14564155,40265,0.002764664
43,10,2,14617536,24117,0.001649868
43,11,1,13884795,58891,0.004241402
43,11,2,14019423,35890,0.00256002
43,12,1,12683717,82518,0.006505822
43,12,2,13041389,50124,0.003843456
43,13,1,10580688,102334,0.009671772
43,13,2,11143582,64372,0.005776599
43,14,1,8274505,117061,0.014147191
43,14,2,8965317,78720,0.008780504
43,15,1,6318353,129950,0.020567069
43,15,2,7104491,95039,0.013377313
43,16,1,4700501,149622,0.031831075
43,16,2,5642929,119761,0.021223198
43,17,1,3416689,171314,0.050140355
43,17,2,4537386,160466,0.035365296
43,18,1,2203748,176373,0.080033198
43,18,2,3371894,200505,0.059463613
44,1,2,408816,1834,0.004486126
44,1,1,431429,2549,0.005908272
44,4,2,1783173,212,0.000118889
44,4,1,1884487,388,0.000205892
44,2,2,1586045,386,0.000243373
44,2,1,1668625,500,0.000299648
44,3,2,1877011,232,0.000123601
44,3,1,1984829,269,0.000135528
44,5,2,1834977,600,0.00032698
44,5,1,1865746,1372,0.000735363
44,6,2,1986078,802,0.000403811
44,6,1,2035197,2245,0.001103087
44,7,2,1718207,995,0.000579092
44,7,1,1785463,2306,0.001291542
44,8,2,1586672,1217,0.000767014
44,8,1,1678425,2456,0.001463277
44,9,2,1410422,1536,0.001089036
44,9,1,1466436,2605,0.001776416
44,10,2,1312013,2008,0.001530473
44,10,1,1349402,3268,0.002421814
44,11,2,1249750,2910,0.002328466
44,11,1,1260517,4433,0.003516811
44,12,1,1157289,5723,0.004945178
44,12,2,1170862,3723,0.003179709
44,13,1,982699,6984,0.007106957
44,13,2,1005674,4727,0.00470033
44,14,1,773111,8188,0.010590976
44,14,2,813483,5710,0.0070192
44,15,1,590771,9277,0.015703208
44,15,2,643034,6841,0.010638629
44,16,1,452718,11353,0.025077421
44,16,2,512111,9354,0.018265571
44,17,1,343293,14365,0.041844722
44,17,2,414893,13143,0.031678047
44,18,1,235349,17056,0.072471096
44,18,2,314998,18398,0.05840672
45,1,2,50586,225,0.004447871
45,1,1,54902,319,0.005810353
45,4,2,334389,41,0.000122612
45,4,1,353817,67,0.000189363
45,2,2,215390,36,0.000167139
45,2,1,227136,42,0.000184911
45,3,2,297298,36,0.000121091
45,3,1,313343,33,0.000105316
45,5,2,386319,122,0.000315801
45,5,1,408801,258,0.000631114
45,6,2,352225,143,0.00040599
45,6,1,376201,413,0.001097817
45,7,2,286177,142,0.000496196
45,7,1,288960,387,0.001339286
45,8,1,305840,377,0.001232671
45,8,2,315373,185,0.000586607
45,9,1,337596,513,0.001519568
45,9,2,348430,298,0.000855265
45,10,1,383619,853,0.00222356
45,10,2,397140,504,0.001269074
45,11,1,410580,1343,0.003270983
45,11,2,426510,881,0.002065602
45,12,1,411795,1954,0.004745079
45,12,2,425530,1252,0.002942213
45,13,1,368977,2513,0.006810723
45,13,2,376487,1629,0.004326843
45,14,1,297306,3277,0.011022314
45,14,2,304043,2152,0.007077946
45,15,1,223246,3913,0.01752775
45,15,2,235611,2735,0.011608117
45,16,1,164443,4828,0.029359717
45,16,2,187413,3642,0.019433017
45,17,1,121279,5702,0.047015559
45,17,2,155363,5220,0.033598733
45,18,1,82597,6407,0.077569403
45,18,2,125714,7058,0.056143309
46,1,2,832961,5408,0.006492501
46,1,1,870056,6784,0.007797199
46,4,2,4266113,546,0.000127985
46,4,1,4459834,750,0.000168168
46,2,2,3297430,755,0.000228966
46,2,1,3439604,976,0.000283754
46,3,2,4146993,465,0.000112129
46,3,1,4314734,576,0.000133496
46,5,2,4395293,1389,0.00031602
46,5,1,4602375,3339,0.000725495
46,6,2,4532149,1960,0.000432466
46,6,1,4852910,5730,0.001180735
46,7,2,4487254,2269,0.000505654
46,7,1,4572074,5592,0.001223077
46,8,1,4585043,5955,0.001298788
46,8,2,4587878,2989,0.000651499
46,9,1,4723889,7896,0.001671504
46,9,2,4798943,4843,0.001009181
46,10,1,4883866,12067,0.002470789
46,10,2,5050656,7891,0.001562371
46,11,1,4843868,18410,0.003800682
46,11,2,5045496,11772,0.00233317
46,12,1,4559272,26611,0.005836677
46,12,2,4797070,16970,0.003537576
46,13,1,3907337,33997,0.008700811
46,13,2,4172105,21952,0.005261613
46,14,1,3115824,40439,0.012978589
46,14,2,3383027,27769,0.008208329
46,15,1,2370594,46972,0.019814443
46,15,2,2669474,34779,0.013028409
46,16,1,1746830,54990,0.031479881
46,16,2,2111860,44726,0.021178487
46,17,1,1261427,63471,0.050316824
46,17,2,1719752,60205,0.035007955
46,18,1,814564,66969,0.082214534
46,18,2,1311874,78221,0.059625391
47,1,2,702802,3220,0.00458166
47,1,1,736267,4062,0.00551702
47,4,2,3634574,387,0.000106477
47,4,1,3824065,656,0.000171545
47,2,2,2787217,549,0.000196971
47,2,1,2918846,745,0.000255238
47,3,2,3520733,359,0.000101967
47,3,1,3692709,475,0.000128632
47,5,2,3670070,1061,0.000289095
47,5,1,3901471,2717,0.000696404
47,6,2,3709484,1437,0.000387385
47,6,1,3984595,4407,0.00110601
47,7,2,3753929,1668,0.000444334
47,7,1,3914098,4269,0.001090673
47,8,2,3769734,2294,0.000608531
47,8,1,3920425,4647,0.001185331
47,9,2,3848821,3272,0.00085013
47,9,1,3948736,5951,0.001507065
47,10,2,4013322,5548,0.001382396
47,10,1,4068156,8924,0.002193623
47,11,1,4053543,13726,0.003386174
47,11,2,4056244,8749,0.002156922
47,12,1,3884230,20222,0.00520618
47,12,2,3944884,12830,0.003252314
47,13,1,3377539,25914,0.00767245
47,13,2,3484284,16820,0.004827391
47,14,1,2684932,30972,0.011535488
47,14,2,2807543,21155,0.007535058
47,15,1,2007925,35042,0.017451847
47,15,2,2153787,25470,0.011825682
47,16,1,1465961,40928,0.027918887
47,16,2,1659106,33022,0.01990349
47,17,1,1089920,49571,0.04548132
47,17,2,1373323,44905,0.032698062
47,18,1,756982,57293,0.07568608
47,18,2,1101584,61099,0.055464676
48,1,2,172898,1154,0.006674455
48,1,1,180204,1505,0.008351646
48,4,2,923468,166,0.000179757
48,4,1,973019,248,0.000254877
48,2,2,684193,222,0.00032447
48,2,1,714839,250,0.000349729
48,3,2,875475,127,0.000145064
48,3,1,923010,191,0.000206932
48,5,2,982072,469,0.000477562
48,5,1,1043449,1025,0.000982319
48,6,2,1014119,691,0.00068138
48,6,1,1049656,1759,0.001675787
48,7,2,916532,815,0.000889222
48,7,1,939862,1858,0.001976886
48,8,2,952335,1136,0.001192858
48,8,1,963770,2301,0.002387499
48,9,1,1006481,3057,0.003037315
48,9,2,1007329,1618,0.001606228
48,10,1,1084597,4422,0.00407709
48,10,2,1092267,2664,0.002438964
48,11,1,1135444,6536,0.005756338
48,11,2,1155123,3898,0.003374532
48,12,1,1157484,9464,0.008176355
48,12,2,1178203,5674,0.004815808
48,13,1,1062946,12381,0.011647817
48,13,2,1092266,7661,0.007013859
48,14,1,907346,14982,0.016511893
48,14,2,948196,10235,0.010794182
48,15,1,721330,17815,0.024697434
48,15,2,789330,13042,0.016522874
48,16,1,558703,20955,0.037506511
48,16,2,668999,17448,0.026080756
48,17,1,415907,24628,0.059215161
48,17,2,564308,23203,0.041117617
48,18,1,268272,24986,0.093136816
48,18,2,430270,29035,0.067480884
49,1,2,573575,3359,0.005856252
49,1,1,599758,4128,0.006882776
49,4,2,3210040,390,0.000121494
49,4,1,3368880,643,0.000190865
49,2,2,2322365,552,0.000237689
49,2,1,2427675,669,0.000275572
49,3,2,3040202,311,0.000102296
49,3,1,3181151,480,0.000150889
49,5,2,3349072,1131,0.000337705
49,5,1,3522766,2626,0.000745437
49,6,2,3228762,1291,0.000399844
49,6,1,3356778,4141,0.001233623
49,7,2,2882303,1475,0.000511744
49,7,1,3016307,3714,0.001231307
49,8,2,3004540,1829,0.000608745
49,8,1,3092342,3893,0.001258916
49,9,2,3152055,2912,0.000923842
49,9,1,3212836,5131,0.001597031
49,10,2,3433864,4705,0.001370177
49,10,1,3468872,7760,0.002237038
49,11,2,3546027,7467,0.002105737
49,11,1,3571311,12064,0.003378031
49,12,2,3409841,10619,0.003114221
49,12,1,3420409,17436,0.005097636
49,13,1,2929358,22819,0.007789761
49,13,2,2949102,14115,0.004786203
49,14,1,2325292,27357,0.011764974
49,14,2,2397063,17946,0.007486662
49,15,1,1773987,32247,0.018177698
49,15,2,1918123,22939,0.011959087
49,16,1,1386321,40626,0.029304901
49,16,2,1609977,31264,0.019418911
49,17,1,1081433,51396,0.047525829
49,17,2,1403570,44104,0.031422729
49,18,1,758868,59910,0.078946536
49,18,2,1164321,62528,0.053703403
50,1,2,59615,342,0.005736811
50,1,1,62782,447,0.007119875
50,4,2,300564,49,0.000163027
50,4,1,320248,86,0.000268542
50,2,2,235809,74,0.000313813
50,2,1,247445,91,0.000367758
50,3,2,293546,50,0.000170331
50,3,1,311053,71,0.000228257
50,5,2,319032,169,0.000529727
50,5,1,346301,375,0.001082873
50,6,2,318914,174,0.000545602
50,6,1,356590,629,0.001763931
50,7,2,290504,213,0.000733208
50,7,1,316046,597,0.001888966
50,8,2,279161,276,0.000988677
50,8,1,300595,577,0.001919526
50,9,2,279137,371,0.001329096
50,9,1,294430,669,0.002272187
50,10,2,304857,614,0.002014059
50,10,1,314948,909,0.002886191
50,11,2,331663,903,0.002722643
50,11,1,339485,1403,0.00413273
50,12,2,334290,1298,0.003882856
50,12,1,346895,2017,0.00581444
50,13,2,294701,1514,0.00513741
50,13,1,309570,2402,0.00775915
50,14,2,235149,1926,0.008190552
50,14,1,246191,2973,0.01207599
50,15,1,181202,3419,0.018868445
50,15,2,181204,2375,0.013106775
50,16,1,133471,3854,0.028875186
50,16,2,143376,3096,0.021593572
50,17,1,97096,4667,0.048065832
50,17,2,114999,3948,0.034330733
50,18,1,65139,5084,0.078048481
50,18,2,87716,5094,0.058073784
